Template Version 1.2,"Guidance column added to Condition block. Guidance is a list of lists in the following format:  [[GuidanceElementURL1, ""brief explanation of guidance1""],[GuidanceElementURL2, ""guidance 2 text""]]",,,,
,,,,,
DCAT Property,Value,Comment,,,
title,CESSDA Benchmark Assessment Algorithm,,,,
version,1.5,Is decribed by 10.5281/zenodo.17901540,,,
description,Used to assess the FAIRness of study-level metadata in the CESSDA Data Catalogue and Digital Objects that are being considered for inclusion.,,,,
keyword,"FAIR, benchmark, algorithm",,,,
abbreviation,CDC-BAA,,,,
repository,https://tools.ostrails.eu/champion/algorithms/d/1Nk0vM4yBpVQTo_UbB62NY_fz93aRZRHBZGh5fG-khOw,Must be registered via https://tools.ostrails.eu/champion/algorithms/new,,,
type,http://ontology.ethereal.cz/irao/Benchmark,,,,
license,http://creativecommons.org/publicdomain/zero/1.0/,,,,
applicationArea,http://www.fairsharing.org/ontology/subject/SRAO_0000002,Suggest to use terms from :  https://www.ebi.ac.uk/ols4/ontologies/srao,,,
isApplicableFor,https://schema.org/Dataset,Suggest to use terms from: https://fairsharing.gitbook.io/fairsharing/record-sections-and-fields/general-information/object-types,,,
isImplementationOf,https://fairsharing.org/7609,The GUID of the benchmark that you are implementing,,,
contactPoint,john.shepherdson@cessda.eu,,,,
,,,,,
Test Reference,Test GUID,Pass Weight,Fail Weight,Indeterminate Weight,
F1_PID_ADHU,https://ostrails.github.io/assessment-component-metadata-records/test/FT-F1-PID_M_CESSDA.ttl,5.0,-1.0,0.0,
F1_GUID,https://tests.ostrails.eu/tests/fc_unique_identifier,1.0,-1.0,0.0,
F2A,https://ostrails.github.io/assessment-component-metadata-records/test/FT-F2A_M_SM.ttl,3.0,-1.0,0.0,
F2B,https://ostrails.github.io/assessment-component-metadata-records/test/FT-F2B_M_GM_CESSDA.ttl,1.0,-1.0,0.0,
F4,https://ostrails.github.io/assessment-component-metadata-records/test/FT-F4_M_SE.ttl,1.0,-1.0,0.0,
A1_1,https://ostrails.github.io/assessment-component-metadata-records/test/FT_Gen2_MI_A1.1_M_RP.ttl,1.0,-1.0,0.0,
A1_2,https://ostrails.github.io/assessment-component-metadata-records/test/FM_Gen2-MI-A1.2_M_CARV.ttl,1.0,1.0,0.0,
I1_A,https://ostrails.github.io/assessment-component-metadata-records/test/FT_I1A_M_FKRL.ttl,3.0,-1.0,0.0,
I2_A,https://ostrails.github.io/assessment-component-metadata-records/test/FT_I2A_M_FV.ttl ,5.0,-1.0,0.0,
R1_2_CPI,https://ostrails.github.io/assessment-component-metadata-records/test/FT_R1-2_M_CPI.ttl,3.0,-1.0,0.0,
R1_3_CEK,https://ostrails.github.io/assessment-component-metadata-records/test/FT_I2_M_CEK.ttl,5.0,-1.0,0.0,
R1_3_CTV,https://ostrails.github.io/assessment-component-metadata-records/test/FT_Gen2-MI-I2A_M_CTV.ttl,5.0,-1.0,0.0,
R1_3_DMOCV,https://ostrails.github.io/assessment-component-metadata-records/test/FT_Gen2-MI-I2A_M_DMOCV.ttl,5.0,-1.0,0.0,
R1_3_DAUV,https://ostrails.github.io/assessment-component-metadata-records/test/FT_Gen2-MI-I2A_M_DAUV.ttl,5.0,-1.0,0.0,
R1_3_DTMV,https://ostrails.github.io/assessment-component-metadata-records/test/FT_Gen2-MI-I2A_M_DTMV.ttl,5.0,-1.0,0.0,
R1_3_DSPV,https://ostrails.github.io/assessment-component-metadata-records/test/FM_Gen2-MI-I2A_M_DSPV.ttl,5.0,-1.0,0.0,
,,,,,
Condition,Description,Formula,Success Message,Fail Message,Guidance
CF1_PID_ADHU,"Metadata are assigned persistent identifiers of type ARK, DOI, Handle or URN",F1_PID_ADHU > 0,Acceptable: metadata are assigned persistent identifiers,Unacceptable: metadata are not assigned persistent identifiers,"[[https://fairsharing.org/FAIRsharing.bc9dde,""Identifiers use ARK, DOI, HANDLE or URN PID schemas""],[https://docs.google.com/document/d/e/2PACX-1vQxVizsWufViKfe2t85JnGc-t_hMerNjSZhdgBhqtisZsdmvP-w542BEvOUMF-y72YqsXM-62uisBlM/pub, ""How to pass Persistent Identifier Schema Validation (pid)""]]"
CF1_GUID,"Metadata are assigned globally unique identifiers

",F1_GUID > 0,Acceptable: metadata are assigned globally unique identifiers,Unacceptable: metadata are not assigned globally unique identifiers,"[[https://fairsharing.org/6274,""FAIR Principles F1-GUID""],[https://fairassessment.dansdemo.nl/guidance?search=N4IgjgrgpgTgniAXCAslALgQwCaawAkxikIGdSBLAcwDspt8AHWS09KG9fC7D9CgGYUWIADQgBmAMYYAYhQA27GKSShcWACpxmSVJkZiQAN0wLoSANqWQ2APYBbTBRpjQ-dAqh6AIo+eu4qbm3ojqeJjausgAyhhGwRaINn5OLgC0AIK0dmwUUiAAugC+4gJ2ME7o7NhWIKkBWTl5BSWFJcVAA, ""DANS FAIR Guidance""]]"
CF2A,Data are described with structured metadata,F2A > 0,Acceptable: data are described with structured metadata,Unacceptable: data are not described with structured metadata,"[[https://fairsharing.org/6276,""FAIR Principles F2""],[https://docs.google.com/document/d/e/2PACX-1vQrQxfbXMnjSBGz7p297xwK_jWGOVoVtKx-j3lDJAjBaOwYhn9-spb1h572Cif4iXgWOIGl_cSiSS5I/pub, ""How to pass Structured Metadata Validation (structured-metadata)""]]"
CF2B,Data are described with grounded metadata,F2B > 0,Acceptable: data are described with grounded metadata,Unacceptable: data are not described with grounded metadata,"[[https://fairsharing.org/6276,""FAIR Principles F2""],[https://docs.google.com/document/d/e/2PACX-1vT71zI7Puhj0wRqa-ByRaS9ldT6eTUZvY2f9ERu7LcC5e1ozqYkkTzEQJqbriqthBKbMgMy-YjzLHE2/pub, ""How to pass Grounded Metadata Validation (grounded-metadata)""]]"
CF4,Metadata are registered or indexed in a searchable resource,F4 > 0,Acceptable: metadata are searchable,Unacceptable: metadata are not searchable,"[[https://fairsharing.org/6278,""FAIR Principles F4""],[https://docs.google.com/document/d/e/2PACX-1vRq5UaHYzpvsvElEmtKlmU1JDVU-ylm3dhYXYr9-s1pFXnfae1CsapBLstEpOZ-k-h9Hx8VtuIHORUU/pub,""How to pass Searchable Metadata Validation (searchable)""]]"
CA1_1,The protocol is retrievable,A1_1 > 0,Acceptable: the protocol reterievable,Unacceptable: the protocol is not retievable,"[[https://fairsharing.org/6294,""FAIR Principles A1.1""],[https://docs.google.com/document/d/e/2PACX-1vSY1kTtfhZdnrBwr4aSQDzsB45Z_vEORrNXreCC7uJ56TfpAtDXfNHBR3fLnQ7BxAchwnw1qkKJFuWX/pub,""How to pass Retrievable Protocol validation (retrievable-protocol)""]]"
CA1_2,"The protocol allows for an authentication and authorisation procedure, where necessary",A1_2 > 0,"Acceptable: the protocol allows for an authentication and authorisation procedure, where necessary","Unacceptable: the protocol does not allow for an authentication and authorisation procedure, where necessary","[[https://fairsharing.org/6295,""FAIR Principles A1.2""],[https://fairassessment.dansdemo.nl/guidance?search=N4IgjgrgpgTgniAXCAKgCygAgA4wPYAueAxngDaYCGZZeA7gM6YBmeMVAdlRARhwQEtilQXi6UOAE2682AgF4iBYnPmJRJEGFAA0mOhm2YOUdQwaV4IHSGaV1BAGICyBWAyShJIyijjYoJBAAWUpsaxAAN2poJABtOJBJPABbSgEOa1BBAjJA5AARVPTMm2iyWMQvHz8AoIBlKAII8srEorSMgFoAQQBzDjwGQWIQAF0AXxtWGDSCN0l4kA6S3oGhkfGJscmJoA,""DANS FAIR Guidance""]]"
CI1_A,Metadata use a Knowledge Representation Language (soft),I1_A > 0,"Acceptable: metadata use a formal, accessible, shared, and broadly applicable language for knowledge representation","Unacceptable: metadata does not use a formal, accessible, shared, and broadly applicable language for knowledge representation","[[https://fairsharing.org/6297,""FAIR Principles I1""],[https://docs.google.com/document/d/e/2PACX-1vRKI8Vp-hofHdw7Dxjq2w6MNCR-NuXvj4OhXLnWhCsA1CDO3QjfcEN5hDXgdEJsnZYdClVBA7HqxsKP/pub,""How to pass Formal Knowledge Representation Language validation (formal-kr-language)""]]"
CI2_A,Metadata uses FAIR Vocabularies (loose),I2_A > 0,Acceptable: metadata use vocabularies that follow FAIR principles,Unacceptable: metadata use vocabularies that do not follow FAIR principles,"[[https://fairsharing.org/6298,""FAIR Principles I2""],[https://docs.google.com/document/d/e/2PACX-1vSFND7eESPQtHlKXKPwYu84lsdYtCkpU5UDDnp6nbVJViwh-3_0zwsOqID5vDuCoukhtOHfiEoGzBRa/pub,""How to pass FAIR vocabulary validation (fair-vocabulary)""]]"
CR1_2_CPI,Metadata contains CESSDA Provenance Information,R1_2_CPI > 0,Acceptable: metadata contains CESSDA Provenance Information,Unacceptable: metadata does not contains CESSDA Provenance Information,"[[https://fairsharing.org/6313,""FAIR Principles R1.2""],[https://docs.google.com/document/d/e/2PACX-1vQcq1RLGSGvqRHUpvKn4k3U9pkyZw8EPoD2FNa4LUu8Ehhd86102GbgsYVRQpmJ7bPfoMTE1yg0HtId/pub, ""How to pass CESSDA Provenance Information validation (provenance)""]]"
CR1_3_CEK,Metadata uses CESSDA ELSST Keywords,R1_3_CEK > 0,Acceptable: metadata uses CESSDA ELSST Keywords,Unacceptable: metadata does not use CESSDA ELSST Keywords,"[[https://fairsharing.org/6314,""FAIR Principles R1.3""],[https://docs.google.com/document/d/e/2PACX-1vS9ApnzGgQ8LHFppCjzYbxFcAiwEiYZsIzNbslqaCxw4VqAjzcLyVdGe01yNrfi4Ia4cm_2cHiMwv_V/pub, ""How to pass ELSST keywords validation (elsst-keywords)""]]"
CR1_3_CTV,Metadata Uses CESSDA Topic Vocabulary,R1_3_CTV > 0,Acceptable: metadata uses CESSDA Topic Vocabulary,Unacceptable: metadata does not use CESSDA Topic Vocabulary,"[[https://fairsharing.org/6314,""FAIR Principles R1.3""],[https://docs.google.com/document/d/e/2PACX-1vRC0Pw7iot1P4f4sgDsmLc_oDZQE5SdZIKINKTPRNUjBV0wI6RqKBm8ceP5bEZOmfYdewen-Y1XPrXr/pub, ""How to pass CESSDA Topic Classification Vocabulary validation (topic-class)""]]"
CR1_3_DMOCV,Metadata Uses DDI Mode Of Collection Vocabulary,R1_3_DMOCV > 0,Acceptable: metadata uses DDI Mode of Colection Vocabulary,Unacceptable: metadata does not use DDI Mode of Collection Vocabulary,"[[https://fairsharing.org/6314,""FAIR Principles R1.3""],[https://docs.google.com/document/d/e/2PACX-1vQPDrOALgRZZrjlBIfGDxwfYr0sc7eVaXCVL_p5WGQh8hR4NsEgyz857x8AbEEmb9fTZX72jN6Ar4vt/pub, ""How to pass DDI Mode Of Collection Vocabulary validation (ddi-collection-mode)""]]"
CR1_3_DAUV,Metadata Uses DDI Analysis Unit Vocabulary,R1_3_DAUV > 0,Acceptable: metadata uses DDI Analysis Unit Vocabulary,Unacceptable: metadata does not use DDI Analysis Unit Vocabulary,"[[https://fairsharing.org/6314,""FAIR Principles R1.3""],[https://docs.google.com/document/d/e/2PACX-1vTogBDfY30GYFREoLlr-7fJSEX21FFORpysoFNXBFMa-Dz_Jxj6HFDTwK6l38peTre2LiOk6j-EDKCn/pub, ""How to pass DDI Analysis Unit Vocabulary validation (ddi-analysis-unit)""]]"
CR1_3_DTMV,Metadata Uses DDI Time Method Vocabulary,R1_3_DTMV > 0,Acceptable: metadata uses DDI Time Method Vocabulary,Unacceptable: metadata does not use DDI Time Method Vocabulary,"[[https://fairsharing.org/6314,""FAIR Principles R1.3""],[https://docs.google.com/document/d/e/2PACX-1vTLGJcElXvVyk_JcgwEp5TLIDoXDeSBUhFvmn0xPLqtZswYh_icZurkNVM5BFAIRD-a9AQFnevrCNdc/pub, ""How to pass DDI Time Method Vocabulary validation (ddi-time-method)""]]"
CR1_3_DSPV,Metadata Uses DDI Sampling Procedure Vocabulary,R1_3_DSPV > 0,Acceptable: metadata uses DDI Sampling Procedure Vocabulary,Unacceptable: metadata does not use DDI Sampling Procedure Vocabulary,"[[https://fairsharing.org/6314,""FAIR Principles R1.3""],[https://docs.google.com/document/d/e/2PACX-1vQpXdW4HZlcUbDoqQlLmRn25uUiKvkbcGf12ljGF2frDIvrtDyhGdwjWaimpKWzA1X4rS-gIngM-4C5/pub, ""How to pass DDI Sampling Procedure Vocabulary validation (ddi-sampleproc)""]]"
T_3,All tests with weight of 3 passed,F2A + I1_A + R1_2_CPI > 8,All medium priority tests passed,Not all medium priority tests passed,
T_5,All tests with weight of 5 passed,F1_PID_ADHU + I2_A + R1_3_CEK + R1_3_CTV + R1_3_DMOCV + R1_3_DAUV + R1_3_DTMV + R1_3_DSPV > 39,All high priority tests passed,Not all high priority tests passed,
CFML_1,CESSDA FAIR Maturity Level 1 (Described),F1_GUID +F2B + F4 + A1_1 + A1_2 > 4,CESSDA Maturity Level 1 achieved,Unacceptable: Maturity Level 1 not achieved,
CFML_2,CESSDA FAIR Maturity Level 2 (Standardised),F1_GUID +F2B + F4 + A1_1 + A1_2  + F2A + I1_A + R1_2_CPI > 13,CESSDA Maturity Level 2 achieved,Maturity Level 2 not achieved,
CFML_3,CESSDA FAIR Maturity Level 3 (Semantically typed),F1_GUID +F2B + F4 + A1_1 + A1_2  + F2A + I1_A + R1_2_CPI + F1_PID_ADHU + I2_A + R1_3_CEK + R1_3_CTV + R1_3_DMOCV + R1_3_DAUV + R1_3_DTMV + R1_3_DSPV > 53,CESSDA Maturity Level 3 achieved,Maturity Level 3 not achieved,
